INSERT INTO types (name, description, thumbnail) VALUES ('TYPE_1', 'Description for TYPE_1 _ lorem ipsum.', 'https://img.example.com/type_1.png');
INSERT INTO types (name, description, thumbnail) VALUES ('TYPE_2', 'Description for TYPE_2 _ lorem ipsum.', 'https://img.example.com/type_2.png');
INSERT INTO types (name, description, thumbnail) VALUES ('TYPE_3', 'Description for TYPE_3 _ lorem ipsum.', 'https://img.example.com/type_3.png');
INSERT INTO types (name, description, thumbnail) VALUES ('TYPE_4', 'Description for TYPE_4 _ lorem ipsum.', 'https://img.example.com/type_4.png');
INSERT INTO types (name, description, thumbnail) VALUES ('TYPE_5', 'Description for TYPE_5 _ lorem ipsum.', 'https://img.example.com/type_5.png');
INSERT INTO types (name, description, thumbnail) VALUES ('TYPE_6', 'Description for TYPE_6 _ lorem ipsum.', 'https://img.example.com/type_6.png');
INSERT INTO types (name, description, thumbnail) VALUES ('TYPE_7', 'Description for TYPE_7 _ lorem ipsum.', 'https://img.example.com/type_7.png');
INSERT INTO types (name, description, thumbnail) VALUES ('TYPE_8', 'Description for TYPE_8 _ lorem ipsum.', 'https://img.example.com/type_8.png');
INSERT INTO types (name, description, thumbnail) VALUES ('TYPE_9', 'Description for TYPE_9 _ lorem ipsum.', 'https://img.example.com/type_9.png');
INSERT INTO types (name, description, thumbnail) VALUES ('TYPE_10', 'Description for TYPE_10 _lorem ipsum.', 'https://img.example.com/type_10.png');
INSERT INTO users (name, profile_image, nickname, type_id) VALUES ('User 1', 'https://img.example.com/avatar_1.jpg', 'runner01', 2);
INSERT INTO users (name, profile_image, nickname, type_id) VALUES ('User 2', 'https://img.example.com/avatar_2.jpg', 'runner02', 3);
INSERT INTO users (name, profile_image, nickname, type_id) VALUES ('User 3', 'https://img.example.com/avatar_3.jpg', 'runner03', 4);
INSERT INTO users (name, profile_image, nickname, type_id) VALUES ('User 4', 'https://img.example.com/avatar_4.jpg', 'runner04', 5);
INSERT INTO users (name, profile_image, nickname, type_id) VALUES ('User 5', 'https://img.example.com/avatar_5.jpg', 'runner05', 6);
INSERT INTO users (name, profile_image, nickname, type_id) VALUES ('User 6', 'https://img.example.com/avatar_6.jpg', 'runner06', 7);
INSERT INTO users (name, profile_image, nickname, type_id) VALUES ('User 7', 'https://img.example.com/avatar_7.jpg', 'runner07', 8);
INSERT INTO users (name, profile_image, nickname, type_id) VALUES ('User 8', 'https://img.example.com/avatar_8.jpg', 'runner08', 9);
INSERT INTO users (name, profile_image, nickname, type_id) VALUES ('User 9', 'https://img.example.com/avatar_9.jpg', 'runner09', 10);
INSERT INTO users (name, profile_image, nickname, type_id) VALUES ('User 10', 'https://img.example.com/avatar_10.jpg', 'runner10', 1);
INSERT INTO tags (name) VALUES ('tag01');
INSERT INTO tags (name) VALUES ('tag02');
INSERT INTO tags (name) VALUES ('tag03');
INSERT INTO tags (name) VALUES ('tag04');
INSERT INTO tags (name) VALUES ('tag05');
INSERT INTO tags (name) VALUES ('tag06');
INSERT INTO tags (name) VALUES ('tag07');
INSERT INTO tags (name) VALUES ('tag08');
INSERT INTO tags (name) VALUES ('tag09');
INSERT INTO tags (name) VALUES ('tag10');
INSERT INTO courses (user_id, title, content, address, distance, distance_description, thumbnail, star_average, review_count) VALUES (2, 'Seoul Riverside 1', 'Scenic course number 1 along the river. Great for morning runs.', 'Seoul, District 1', 5.7, 'About 5.7 km loop', 'https://img.example.com/course_1.jpg', 0.0, 0);
INSERT INTO courses (user_id, title, content, address, distance, distance_description, thumbnail, star_average, review_count) VALUES (3, 'Seoul Riverside 2', 'Scenic course number 2 along the river. Great for morning runs.', 'Seoul, District 2', 6.4, 'About 6.4 km loop', 'https://img.example.com/course_2.jpg', 0.0, 0);
INSERT INTO courses (user_id, title, content, address, distance, distance_description, thumbnail, star_average, review_count) VALUES (4, 'Seoul Riverside 3', 'Scenic course number 3 along the river. Great for morning runs.', 'Seoul, District 3', 7.1, 'About 7.1 km loop', 'https://img.example.com/course_3.jpg', 0.0, 0);
INSERT INTO courses (user_id, title, content, address, distance, distance_description, thumbnail, star_average, review_count) VALUES (5, 'Seoul Riverside 4', 'Scenic course number 4 along the river. Great for morning runs.', 'Seoul, District 4', 7.8, 'About 7.8 km loop', 'https://img.example.com/course_4.jpg', 0.0, 0);
INSERT INTO courses (user_id, title, content, address, distance, distance_description, thumbnail, star_average, review_count) VALUES (6, 'Seoul Riverside 5', 'Scenic course number 5 along the river. Great for morning runs.', 'Seoul, District 5', 8.5, 'About 8.5 km loop', 'https://img.example.com/course_5.jpg', 0.0, 0);
INSERT INTO courses (user_id, title, content, address, distance, distance_description, thumbnail, star_average, review_count) VALUES (7, 'Seoul Riverside 6', 'Scenic course number 6 along the river. Great for morning runs.', 'Seoul, District 6', 9.2, 'About 9.2 km loop', 'https://img.example.com/course_6.jpg', 0.0, 0);
INSERT INTO courses (user_id, title, content, address, distance, distance_description, thumbnail, star_average, review_count) VALUES (8, 'Seoul Riverside 7', 'Scenic course number 7 along the river. Great for morning runs.', 'Seoul, District 7', 9.9, 'About 9.9 km loop', 'https://img.example.com/course_7.jpg', 0.0, 0);
INSERT INTO courses (user_id, title, content, address, distance, distance_description, thumbnail, star_average, review_count) VALUES (9, 'Seoul Riverside 8', 'Scenic course number 8 along the river. Great for morning runs.', 'Seoul, District 8', 10.6, 'About 10.6 km loop', 'https://img.example.com/course_8.jpg', 0.0, 0);
INSERT INTO courses (user_id, title, content, address, distance, distance_description, thumbnail, star_average, review_count) VALUES (10, 'Seoul Riverside 9', 'Scenic course number 9 along the river. Great for morning runs.', 'Seoul, District 9', 11.3, 'About 11.3 km loop', 'https://img.example.com/course_9.jpg', 0.0, 0);
INSERT INTO courses (user_id, title, content, address, distance, distance_description, thumbnail, star_average, review_count) VALUES (1, 'Seoul Riverside 10', 'Scenic course number 10 along the river. Great for morning runs.', 'Seoul, District 10', 12.0, 'About 12.0 km loop', 'https://img.example.com/course_10.jpg', 0.0, 0);
INSERT INTO course_detail_image (course_id, image_url) VALUES (1, 'https://img.example.com/course_1_detail_1.jpg');
INSERT INTO course_detail_image (course_id, image_url) VALUES (1, 'https://img.example.com/course_1_detail_2.jpg');
INSERT INTO course_detail_image (course_id, image_url) VALUES (2, 'https://img.example.com/course_2_detail_1.jpg');
INSERT INTO course_detail_image (course_id, image_url) VALUES (2, 'https://img.example.com/course_2_detail_2.jpg');
INSERT INTO course_detail_image (course_id, image_url) VALUES (3, 'https://img.example.com/course_3_detail_1.jpg');
INSERT INTO course_detail_image (course_id, image_url) VALUES (3, 'https://img.example.com/course_3_detail_2.jpg');
INSERT INTO course_detail_image (course_id, image_url) VALUES (4, 'https://img.example.com/course_4_detail_1.jpg');
INSERT INTO course_detail_image (course_id, image_url) VALUES (4, 'https://img.example.com/course_4_detail_2.jpg');
INSERT INTO course_detail_image (course_id, image_url) VALUES (5, 'https://img.example.com/course_5_detail_1.jpg');
INSERT INTO course_detail_image (course_id, image_url) VALUES (5, 'https://img.example.com/course_5_detail_2.jpg');
INSERT INTO course_detail_image (course_id, image_url) VALUES (6, 'https://img.example.com/course_6_detail_1.jpg');
INSERT INTO course_detail_image (course_id, image_url) VALUES (6, 'https://img.example.com/course_6_detail_2.jpg');
INSERT INTO course_detail_image (course_id, image_url) VALUES (7, 'https://img.example.com/course_7_detail_1.jpg');
INSERT INTO course_detail_image (course_id, image_url) VALUES (7, 'https://img.example.com/course_7_detail_2.jpg');
INSERT INTO course_detail_image (course_id, image_url) VALUES (8, 'https://img.example.com/course_8_detail_1.jpg');
INSERT INTO course_detail_image (course_id, image_url) VALUES (8, 'https://img.example.com/course_8_detail_2.jpg');
INSERT INTO course_detail_image (course_id, image_url) VALUES (9, 'https://img.example.com/course_9_detail_1.jpg');
INSERT INTO course_detail_image (course_id, image_url) VALUES (9, 'https://img.example.com/course_9_detail_2.jpg');
INSERT INTO course_detail_image (course_id, image_url) VALUES (10, 'https://img.example.com/course_10_detail_1.jpg');
INSERT INTO course_detail_image (course_id, image_url) VALUES (10, 'https://img.example.com/course_10_detail_2.jpg');
INSERT INTO course_tags (course_id, tag_id) VALUES (1, 2);
INSERT INTO course_tags (course_id, tag_id) VALUES (1, 5);
INSERT INTO course_tags (course_id, tag_id) VALUES (2, 3);
INSERT INTO course_tags (course_id, tag_id) VALUES (2, 6);
INSERT INTO course_tags (course_id, tag_id) VALUES (3, 4);
INSERT INTO course_tags (course_id, tag_id) VALUES (3, 7);
INSERT INTO course_tags (course_id, tag_id) VALUES (4, 8);
INSERT INTO course_tags (course_id, tag_id) VALUES (4, 5);
INSERT INTO course_tags (course_id, tag_id) VALUES (5, 9);
INSERT INTO course_tags (course_id, tag_id) VALUES (5, 6);
INSERT INTO course_tags (course_id, tag_id) VALUES (6, 10);
INSERT INTO course_tags (course_id, tag_id) VALUES (6, 7);
INSERT INTO course_tags (course_id, tag_id) VALUES (7, 8);
INSERT INTO course_tags (course_id, tag_id) VALUES (7, 1);
INSERT INTO course_tags (course_id, tag_id) VALUES (8, 9);
INSERT INTO course_tags (course_id, tag_id) VALUES (8, 2);
INSERT INTO course_tags (course_id, tag_id) VALUES (9, 10);
INSERT INTO course_tags (course_id, tag_id) VALUES (9, 3);
INSERT INTO course_tags (course_id, tag_id) VALUES (10, 1);
INSERT INTO course_tags (course_id, tag_id) VALUES (10, 4);
INSERT INTO type_tags (type_id, tag_id) VALUES (1, 6);
INSERT INTO type_tags (type_id, tag_id) VALUES (2, 7);
INSERT INTO type_tags (type_id, tag_id) VALUES (3, 8);
INSERT INTO type_tags (type_id, tag_id) VALUES (4, 9);
INSERT INTO type_tags (type_id, tag_id) VALUES (5, 10);
INSERT INTO type_tags (type_id, tag_id) VALUES (6, 1);
INSERT INTO type_tags (type_id, tag_id) VALUES (7, 2);
INSERT INTO type_tags (type_id, tag_id) VALUES (8, 3);
INSERT INTO type_tags (type_id, tag_id) VALUES (9, 4);
INSERT INTO type_tags (type_id, tag_id) VALUES (10, 5);
INSERT INTO locations (latitude, longitude, location_type, course_id) VALUES (37.510000, 127.010000, 'MIDDLE', 1);
INSERT INTO locations (latitude, longitude, location_type, course_id) VALUES (37.520000, 127.020000, 'END', 2);
INSERT INTO locations (latitude, longitude, location_type, course_id) VALUES (37.530000, 127.030000, 'START', 3);
INSERT INTO locations (latitude, longitude, location_type, course_id) VALUES (37.540000, 127.040000, 'MIDDLE', 4);
INSERT INTO locations (latitude, longitude, location_type, course_id) VALUES (37.550000, 127.050000, 'END', 5);
INSERT INTO locations (latitude, longitude, location_type, course_id) VALUES (37.560000, 127.060000, 'START', 6);
INSERT INTO locations (latitude, longitude, location_type, course_id) VALUES (37.570000, 127.070000, 'MIDDLE', 7);
INSERT INTO locations (latitude, longitude, location_type, course_id) VALUES (37.580000, 127.080000, 'END', 8);
INSERT INTO locations (latitude, longitude, location_type, course_id) VALUES (37.590000, 127.090000, 'START', 9);
INSERT INTO locations (latitude, longitude, location_type, course_id) VALUES (37.600000, 127.100000, 'MIDDLE', 10);
INSERT INTO archivings (user_id, course_id, date, title, content, thumbnail, detail_image, distance, calorie, average_pace, time, altitude, cadence) VALUES (3, 4, '2025-10-02', 'Morning Run #1', 'Felt great on day 1. Weather was perfect.', 'https://img.example.com/arch_1.jpg', 'https://img.example.com/arch_1_detail.jpg', 5.1, 320, '5''31\"', '31:11', 11, 161);
INSERT INTO archivings (user_id, course_id, date, title, content, thumbnail, detail_image, distance, calorie, average_pace, time, altitude, cadence) VALUES (4, 5, '2025-10-03', 'Morning Run #2', 'Felt great on day 2. Weather was perfect.', 'https://img.example.com/arch_2.jpg', 'https://img.example.com/arch_2_detail.jpg', 5.7, 340, '5''32\"', '32:12', 12, 162);
INSERT INTO archivings (user_id, course_id, date, title, content, thumbnail, detail_image, distance, calorie, average_pace, time, altitude, cadence) VALUES (5, 6, '2025-10-04', 'Morning Run #3', 'Felt great on day 3. Weather was perfect.', 'https://img.example.com/arch_3.jpg', 'https://img.example.com/arch_3_detail.jpg', 6.3, 360, '5''33\"', '33:13', 13, 163);
INSERT INTO archivings (user_id, course_id, date, title, content, thumbnail, detail_image, distance, calorie, average_pace, time, altitude, cadence) VALUES (6, 7, '2025-10-05', 'Morning Run #4', 'Felt great on day 4. Weather was perfect.', 'https://img.example.com/arch_4.jpg', 'https://img.example.com/arch_4_detail.jpg', 6.9, 380, '5''34\"', '34:14', 14, 164);
INSERT INTO archivings (user_id, course_id, date, title, content, thumbnail, detail_image, distance, calorie, average_pace, time, altitude, cadence) VALUES (7, 8, '2025-10-06', 'Morning Run #5', 'Felt great on day 5. Weather was perfect.', 'https://img.example.com/arch_5.jpg', 'https://img.example.com/arch_5_detail.jpg', 7.5, 400, '5''35\"', '35:15', 15, 165);
INSERT INTO archivings (user_id, course_id, date, title, content, thumbnail, detail_image, distance, calorie, average_pace, time, altitude, cadence) VALUES (8, 9, '2025-10-07', 'Morning Run #6', 'Felt great on day 6. Weather was perfect.', 'https://img.example.com/arch_6.jpg', 'https://img.example.com/arch_6_detail.jpg', 8.1, 420, '5''36\"', '36:16', 16, 166);
INSERT INTO archivings (user_id, course_id, date, title, content, thumbnail, detail_image, distance, calorie, average_pace, time, altitude, cadence) VALUES (9, 10, '2025-10-08', 'Morning Run #7', 'Felt great on day 7. Weather was perfect.', 'https://img.example.com/arch_7.jpg', 'https://img.example.com/arch_7_detail.jpg', 8.7, 440, '5''37\"', '37:17', 17, 167);
INSERT INTO archivings (user_id, course_id, date, title, content, thumbnail, detail_image, distance, calorie, average_pace, time, altitude, cadence) VALUES (10, 1, '2025-10-09', 'Morning Run #8', 'Felt great on day 8. Weather was perfect.', 'https://img.example.com/arch_8.jpg', 'https://img.example.com/arch_8_detail.jpg', 9.3, 460, '5''38\"', '38:18', 18, 168);
INSERT INTO archivings (user_id, course_id, date, title, content, thumbnail, detail_image, distance, calorie, average_pace, time, altitude, cadence) VALUES (1, 2, '2025-10-10', 'Morning Run #9', 'Felt great on day 9. Weather was perfect.', 'https://img.example.com/arch_9.jpg', 'https://img.example.com/arch_9_detail.jpg', 9.9, 480, '5''39\"', '39:19', 19, 169);
INSERT INTO archivings (user_id, course_id, date, title, content, thumbnail, detail_image, distance, calorie, average_pace, time, altitude, cadence) VALUES (2, 3, '2025-10-11', 'Morning Run #10', 'Felt great on day 10. Weather was perfect.', 'https://img.example.com/arch_10.jpg', 'https://img.example.com/arch_10_detail.jpg', 10.5, 500, '5''40\"', '40:20', 20, 170);
INSERT INTO laps (archiving_id, lap_number, average_pace, pace_variation, altitude) VALUES (1, 1, '5''21\"', '+1s', 16);
INSERT INTO laps (archiving_id, lap_number, average_pace, pace_variation, altitude) VALUES (2, 2, '5''22\"', '+2s', 17);
INSERT INTO laps (archiving_id, lap_number, average_pace, pace_variation, altitude) VALUES (3, 3, '5''23\"', '+3s', 18);
INSERT INTO laps (archiving_id, lap_number, average_pace, pace_variation, altitude) VALUES (4, 4, '5''24\"', '+4s', 19);
INSERT INTO laps (archiving_id, lap_number, average_pace, pace_variation, altitude) VALUES (5, 5, '5''25\"', '+0s', 20);
INSERT INTO laps (archiving_id, lap_number, average_pace, pace_variation, altitude) VALUES (6, 6, '5''26\"', '+1s', 21);
INSERT INTO laps (archiving_id, lap_number, average_pace, pace_variation, altitude) VALUES (7, 7, '5''27\"', '+2s', 22);
INSERT INTO laps (archiving_id, lap_number, average_pace, pace_variation, altitude) VALUES (8, 8, '5''28\"', '+3s', 23);
INSERT INTO laps (archiving_id, lap_number, average_pace, pace_variation, altitude) VALUES (9, 9, '5''29\"', '+4s', 24);
INSERT INTO laps (archiving_id, lap_number, average_pace, pace_variation, altitude) VALUES (10, 10, '5''30\"', '+0s', 25);
INSERT INTO reviews (user_id, course_id, title, star, content) VALUES (4, 3, 'Solid course review 1', 3.5, 'I liked the scenery and pacing options (1).');
INSERT INTO reviews (user_id, course_id, title, star, content) VALUES (7, 5, 'Solid course review 2', 4.0, 'I liked the scenery and pacing options (2).');
INSERT INTO reviews (user_id, course_id, title, star, content) VALUES (10, 7, 'Solid course review 3', 3.0, 'I liked the scenery and pacing options (3).');
INSERT INTO reviews (user_id, course_id, title, star, content) VALUES (3, 9, 'Solid course review 4', 3.5, 'I liked the scenery and pacing options (4).');
INSERT INTO reviews (user_id, course_id, title, star, content) VALUES (6, 1, 'Solid course review 5', 4.0, 'I liked the scenery and pacing options (5).');
INSERT INTO reviews (user_id, course_id, title, star, content) VALUES (9, 3, 'Solid course review 6', 3.0, 'I liked the scenery and pacing options (6).');
INSERT INTO reviews (user_id, course_id, title, star, content) VALUES (2, 5, 'Solid course review 7', 3.5, 'I liked the scenery and pacing options (7).');
INSERT INTO reviews (user_id, course_id, title, star, content) VALUES (5, 7, 'Solid course review 8', 4.0, 'I liked the scenery and pacing options (8).');
INSERT INTO reviews (user_id, course_id, title, star, content) VALUES (8, 9, 'Solid course review 9', 3.0, 'I liked the scenery and pacing options (9).');
INSERT INTO reviews (user_id, course_id, title, star, content) VALUES (1, 1, 'Solid course review 10', 3.5, 'I liked the scenery and pacing options (10).');
INSERT INTO bookmarks (user_id, course_id) VALUES (8, 6);
INSERT INTO bookmarks (user_id, course_id) VALUES (5, 1);
INSERT INTO bookmarks (user_id, course_id) VALUES (2, 6);
INSERT INTO bookmarks (user_id, course_id) VALUES (9, 1);
INSERT INTO bookmarks (user_id, course_id) VALUES (6, 6);
INSERT INTO bookmarks (user_id, course_id) VALUES (3, 1);
INSERT INTO bookmarks (user_id, course_id) VALUES (10, 6);
INSERT INTO bookmarks (user_id, course_id) VALUES (7, 1);
INSERT INTO bookmarks (user_id, course_id) VALUES (4, 6);
INSERT INTO bookmarks (user_id, course_id) VALUES (1, 1);